INSERT INTO FN72008.BUSES(REGISTARTIONNUMBER, LINE) VALUES ('K 2134 юб', 'йзпдфюкх-янтхъ')@
INSERT INTO FN72008.BUSES(REGISTARTIONNUMBER, LINE) VALUES ('K 2135 юб', 'йзпдфюкх-янтхъ')@
INSERT INTO FN72008.BUSES(REGISTARTIONNUMBER, LINE) VALUES ('K 2136 юб', 'йзпдфюкх-янтхъ')@
INSERT INTO FN72008.BUSES(REGISTARTIONNUMBER, LINE) VALUES ('яб 6789 бю', 'янтхъ-бюпмю')@
INSERT INTO FN72008.BUSES(REGISTARTIONNUMBER, LINE) VALUES ('яб 6790 бю', 'янтхъ-бюпмю')@
INSERT INTO FN72008.BUSES(REGISTARTIONNUMBER, LINE) VALUES ('яб 2354 бю', 'янтхъ-аспцюя')@
INSERT INTO FN72008.BUSES(REGISTARTIONNUMBER, LINE) VALUES ('яр 2324 бю', 'бюпмю - ярюпю гюцнбю')@


INSERT INTO FN72008.STAFF(NAME, SNUM, PHONENUMBER, OFFICECOMPANY, TICKETOFFICECOMPANY) VALUES ('BERNA SALI','036167707','08897236789', NULL,'ерюо-юдпеяя')@
INSERT INTO FN72008.STAFF(NAME, SNUM, PHONENUMBER, OFFICECOMPANY, TICKETOFFICECOMPANY) VALUES ('SALI BERNA','036166707','08897235689',NULL, 'чмхнм-хбйнмх')@
INSERT INTO FN72008.STAFF(NAME, SNUM, PHONENUMBER, OFFICECOMPANY, TICKETOFFICECOMPANY) VALUES ('ебпхдхйю йнярюдхмнбю','036166790','08897235678',NULL, 'люпхерю')@
INSERT INTO FN72008.STAFF(NAME, SNUM, PHONENUMBER, OFFICECOMPANY, TICKETOFFICECOMPANY) VALUES ('юмх хбюмнбю','036676707','0889723568',NULL, 'йпхярюк')@
INSERT INTO FN72008.STAFF(NAME, SNUM, PHONENUMBER, OFFICECOMPANY, TICKETOFFICECOMPANY) VALUES ('дфеим дфетх','036676708',NULL,NULL, 'йпхярюк')@
INSERT INTO FN72008.STAFF(NAME, SNUM, PHONENUMBER, OFFICECOMPANY, TICKETOFFICECOMPANY) VALUES ('юмх анъдфхебю','036676709',NULL,NULL, 'йпхярюк')@

INSERT INTO FN72008.TICKETOFFICE(COMPANY, OFFICENUMBER) VALUES ('ерюо-юдпеяя', 2)@
INSERT INTO FN72008.TICKETOFFICE(COMPANY, OFFICENUMBER) VALUES ('чмхнм-хбйнмх', 3)@
INSERT INTO FN72008.TICKETOFFICE(COMPANY, OFFICENUMBER) VALUES ('люпхерю', 4)@
INSERT INTO FN72008.TICKETOFFICE(COMPANY, OFFICENUMBER) VALUES ('йпхярюк', 5)@

INSERT INTO FN72008.PASSENGERS(SEATNUMBER, NAME, NUMBEROFCUSTOMERCARD) VALUES ('23', 'юмрнюмерю хбюмнбю','23458726')@
INSERT INTO FN72008.PASSENGERS(SEATNUMBER, NAME, NUMBEROFCUSTOMERCARD) VALUES ('24', 'дфеидю яюкх','67896532')@
INSERT INTO FN72008.PASSENGERS(SEATNUMBER, NAME, NUMBEROFCUSTOMERCARD) VALUES ('25', 'лхпю яюкх','67896552')@
INSERT INTO FN72008.PASSENGERS(SEATNUMBER, NAME, NUMBEROFCUSTOMERCARD) VALUES ('26', 'люцдюкемю рнднпнбю','67896592')@
INSERT INTO FN72008.PASSENGERS(SEATNUMBER, NAME, NUMBEROFCUSTOMERCARD) VALUES ('28', 'дфеим дфетх','3567799')@

SELECT * FROM FN72008.PASSENGERS@

INSERT INTO FN72008.TICKETS(TICKETNUMBER, PRICE, DIRECTION, PASSENGERSEATNUMBER, BUSESREGISTRATIONNUMBER, TICKETOFFICECOMPANY) VALUES ('28976','25','ONE-WAY', 23,'K 2134 юб','ерюо-юдпеяя')@
INSERT INTO FN72008.TICKETS(TICKETNUMBER, PRICE, DIRECTION, PASSENGERSEATNUMBER, BUSESREGISTRATIONNUMBER, TICKETOFFICECOMPANY) VALUES ('28977',50,'TWO-WAY', 24,'яб 6789 бю','чмхнм-хбйнмх')@
INSERT INTO FN72008.TICKETS(TICKETNUMBER, PRICE, DIRECTION, PASSENGERSEATNUMBER, BUSESREGISTRATIONNUMBER, TICKETOFFICECOMPANY) VALUES ('28973',60,'TWO-WAY', 25,'яб 2354 бю','люпхерю')@
INSERT INTO FN72008.TICKETS(TICKETNUMBER, PRICE, DIRECTION, PASSENGERSEATNUMBER, BUSESREGISTRATIONNUMBER, TICKETOFFICECOMPANY) VALUES ('28974',23,'ONE-WAY', 26,'яр 2324 бю','йпхярюк')@


INSERT INTO FN72008.EMBARK(TIMEOFEMBARKING, DATEOFEMBARKING, SECTOR, BUSESREGISTRATIONNUMBER, BUSSTATIONNAME) VALUES ('10:00', '20.05.2021', 35,'K 2134 юб', 'юбрнцюпю 21-бх бей' )@
INSERT INTO FN72008.EMBARK(TIMEOFEMBARKING, DATEOFEMBARKING, SECTOR, BUSESREGISTRATIONNUMBER, BUSSTATIONNAME) VALUES ('11:00', '20.05.2021', 35,'K 2135 юб', 'юбрнцюпю 21-бх бей' )@
INSERT INTO FN72008.EMBARK(TIMEOFEMBARKING, DATEOFEMBARKING, SECTOR, BUSESREGISTRATIONNUMBER, BUSSTATIONNAME) VALUES ('12:00', '20.05.2021', 35,'K 2136 юб', 'юбрнцюпю 21-бх бей' )@
INSERT INTO FN72008.EMBARK(TIMEOFEMBARKING, DATEOFEMBARKING, SECTOR, BUSESREGISTRATIONNUMBER, BUSSTATIONNAME) VALUES ('14:00', '20.05.2021', 35,'яб 6789 бю', 'жемрпюкмю юбрнцюпю')@
INSERT INTO FN72008.EMBARK(TIMEOFEMBARKING, DATEOFEMBARKING, SECTOR, BUSESREGISTRATIONNUMBER, BUSSTATIONNAME) VALUES ('16:30', '20.05.2021', 35,'яб 6790 бю', 'жемрпюкмю юбрнцюпю')@
INSERT INTO FN72008.EMBARK(TIMEOFEMBARKING, DATEOFEMBARKING, SECTOR, BUSESREGISTRATIONNUMBER, BUSSTATIONNAME) VALUES ('15:00', '21.05.2021', 33,'яб 2354 бю', 'юбрнцюпю пнднох')@
INSERT INTO FN72008.EMBARK(TIMEOFEMBARKING, DATEOFEMBARKING, SECTOR, BUSESREGISTRATIONNUMBER, BUSSTATIONNAME) VALUES ('19:00', '20.05.2021', 35,'яр 2324 бю', 'юбрнцюпю чц')@


INSERT INTO FN72008.BUSSTATION(NAME, ADDRESS) VALUES ('юбрнцюпю 21-бх бей', 'йзпдфюкх, аск. азкцюпхъ 94')@
INSERT INTO FN72008.BUSSTATION(NAME, ADDRESS) VALUES ('жемрпюкмю юбрнцюпю', ' аск. └ймъцхмъ люпхъ ксхгю⌠ 100, 1202 жемрпюкмю, янтхъ')@
INSERT INTO FN72008.BUSSTATION(NAME, ADDRESS) VALUES ('юбрнцюпю пнднох', ' 4013 чФМЮ ОПНЛХЬКЕМЮ ГНМЮ, оКНБДХБ')@
INSERT INTO FN72008.BUSSTATION(NAME, ADDRESS) VALUES ('юбрнцюпю чц', '4000 жЕМРЗП, оКНБДХБ')@
